resnum,construct_resnum,aa,block,block_position,block_effect_p1,p1_residue,p2_residue,p3_residue,p4_residue,p5_residue,p6_residue,n_parents_sharing,attribution,plddt,dist_to_catalytic_A,clipped_in_figure
1,8,M,f0,1,1.9023,M,M,M,M,M,M,6,0.00483,54.44,38.9,False
2,9,V,f0,1,1.9023,V,T,T,T,T,T,1,0.08116,37.88,36.0,False
3,10,P,f0,1,1.9023,P,A,G,Y,T,A,1,0.08116,48.33,35.4,False
4,11,A,f0,1,1.9023,A,S,D,D,A,V,2,0.03503,52.54,32.3,False
5,12,A,f0,1,1.9023,A,-,T,T,R,R,1,0.08116,50.75,30.2,False
6,13,Q,f0,1,1.9023,Q,-,P,P,V,P,1,0.08116,48.45,30.5,False
7,14,Q,f0,1,1.9023,Q,E,E,S,A,E,1,0.08116,52.68,27.2,False
8,15,T,f0,1,1.9023,T,T,N,A,P,T,3,0.0653,55.11,27.6,False
9,16,A,f0,1,1.9023,A,R,Q,R,T,S,1,0.08116,54.55,25.9,False
10,17,M,f0,1,1.9023,M,P,P,P,P,A,1,0.08116,58.38,24.7,False
11,18,A,f0,1,1.9023,A,-,-,H,D,Q,1,0.08116,63.8,27.2,False
12,19,P,f0,1,1.9023,P,L,A,T,T,Q,1,0.08116,54.69,25.6,False
13,20,D,f0,1,1.9023,D,T,G,G,T,A,1,0.08116,64.9,27.0,False
14,21,A,f0,1,1.9023,A,A,P,N,G,S,2,-0.0607,86.36,25.7,False
15,22,A,f0,1,1.9023,A,T,D,G,T,S,1,0.08116,96.72,23.1,False
16,23,L,f0,1,1.9023,L,R,R,L,G,T,2,0.211,98.48,20.5,True
17,24,T,f0,1,1.9023,T,S,R,V,R,S,1,0.08116,98.65,20.6,False
18,25,F,f0,1,1.9023,F,F,F,F,F,F,6,0.00483,98.82,17.7,False
19,26,P,f0,1,1.9023,P,P,P,P,P,P,6,0.00483,98.13,19.1,False
20,27,E,f0,1,1.9023,E,P,T,T,Q,P,1,0.08116,96.2,20.6,False
21,28,G,f0,1,1.9023,G,G,G,G,G,G,6,0.00483,98.09,18.6,False
22,29,F,f0,1,1.9023,F,F,F,F,F,F,6,0.00483,98.99,15.1,False
23,30,L,f0,1,1.9023,L,L,L,L,T,V,4,-0.07504,98.97,12.8,False
24,31,W,f0,1,1.9023,W,W,W,W,W,W,6,0.00483,98.93,11.6,False
25,32,G,f0,1,1.9023,G,G,G,G,G,G,6,0.00483,98.93,9.7,False
26,33,S,f0,1,1.9023,S,A,A,A,T,A,1,0.08116,98.94,8.1,False
27,34,A,f0,1,1.9023,A,A,A,A,A,A,6,0.00483,98.91,6.7,False
28,35,T,f0,1,1.9023,T,T,T,T,T,T,6,0.00483,98.96,9.1,False
29,36,A,f0,1,1.9023,A,A,A,A,A,A,6,0.00483,98.92,11.0,False
30,37,S,f0,1,1.9023,S,A,A,A,A,A,1,0.08116,98.99,14.4,False
31,38,Y,f0,1,1.9023,Y,Y,Y,Y,Y,Y,6,0.00483,98.92,14.8,False
32,39,Q,f0,1,1.9023,Q,Q,Q,Q,Q,Q,6,0.00483,98.9,14.3,False
33,40,I,f0,1,1.9023,I,I,V,V,I,V,3,-0.10682,98.95,15.5,True
34,41,E,f0,1,1.9023,E,E,E,E,E,E,6,0.00483,98.93,18.4,False
35,42,G,f0,1,1.9023,G,G,G,G,G,G,6,0.00483,98.81,21.3,False
36,43,A,f0,1,1.9023,A,A,A,A,A,A,6,0.00483,98.89,24.1,False
37,44,A,f0,1,1.9023,A,A,A,V,A,A,5,-0.12501,98.91,22.3,True
38,45,A,f0,1,1.9023,A,A,A,A,S,A,5,0.05095,98.88,25.5,False
39,46,E,f0,1,1.9023,E,E,E,E,A,E,5,0.05095,98.84,26.8,False
40,47,D,f0,1,1.9023,D,D,D,D,E,D,5,0.05095,98.89,27.5,False
41,48,G,f0,1,1.9023,G,G,G,G,G,G,6,0.00483,98.79,26.8,False
42,49,R,f0,1,1.9023,R,R,R,R,R,R,6,0.00483,98.93,23.1,False
43,50,T,f0,1,1.9023,T,T,G,T,T,T,5,0.14901,98.96,22.8,True
44,51,P,f0,1,1.9023,P,P,P,P,P,P,6,0.00483,98.9,20.8,False
45,52,S,f0,1,1.9023,S,S,S,S,S,S,6,0.00483,98.9,17.1,False
46,53,I,f0,1,1.9023,I,I,I,I,I,I,6,0.00483,98.96,16.1,False
47,54,W,f0,1,1.9023,W,W,W,W,W,W,6,0.00483,98.96,15.4,False
48,55,D,f0,1,1.9023,D,D,D,D,D,D,6,0.00483,98.96,19.0,False
49,56,T,f0,1,1.9023,T,T,T,T,T,T,6,0.00483,98.93,20.3,False
50,57,Y,f0,1,1.9023,Y,F,F,F,Y,F,2,0.03503,98.9,18.4,False
51,58,A,f0,1,1.9023,A,S,C,S,S,S,1,0.08116,98.93,19.5,False
52,59,R,f0,1,1.9023,R,H,R,R,H,H,3,0.06681,98.91,23.0,False
53,60,T,f0,1,1.9023,T,T,T,T,T,T,6,0.00483,98.99,23.2,False
54,61,P,f0,1,1.9023,P,P,P,P,P,P,6,0.00483,98.86,25.3,False
55,62,G,f1,2,-0.4048,G,G,G,G,G,G,6,0.00084,98.37,23.8,False
56,63,R,f1,2,-0.4048,R,R,K,K,R,K,3,-0.01234,98.63,20.0,False
57,64,V,f1,2,-0.4048,V,V,V,V,V,V,6,0.00084,98.72,19.5,False
58,65,R,f1,2,-0.4048,R,F,R,R,R,R,5,-0.0003,98.5,21.5,False
59,66,N,f1,2,-0.4048,N,E,N,N,N,N,5,-0.0003,98.61,24.9,False
60,67,G,f1,2,-0.4048,G,G,G,G,G,G,6,0.00084,98.82,23.9,False
61,68,D,f1,2,-0.4048,D,H,D,D,D,D,5,-0.0003,98.99,22.2,False
62,69,T,f1,2,-0.4048,T,T,N,T,T,T,5,0.00602,98.94,20.8,False
63,70,G,f1,2,-0.4048,G,G,G,G,G,G,6,0.00084,98.94,19.2,False
64,71,D,f1,2,-0.4048,D,D,D,D,D,D,6,0.00084,98.98,22.7,False
65,72,V,f1,2,-0.4048,V,V,T,T,V,I,3,-0.01234,98.83,23.2,False
66,73,A,f1,2,-0.4048,A,A,A,A,A,A,6,0.00084,98.79,19.7,False
67,74,T,f1,2,-0.4048,T,V,V,V,T,A,2,-0.01347,98.91,19.1,False
68,75,D,f1,2,-0.4048,D,D,D,D,D,D,6,0.00084,98.98,21.6,False
69,76,H,f1,2,-0.4048,H,H,H,H,H,H,6,0.00084,98.93,19.3,False
70,77,Y,f1,2,-0.4048,Y,Y,Y,Y,Y,Y,6,0.00084,98.97,21.6,False
71,78,H,f1,2,-0.4048,H,H,H,H,H,H,6,0.00084,98.98,24.4,False
72,79,R,f1,2,-0.4048,R,R,R,R,R,R,6,0.00084,98.95,22.7,False
73,80,W,f1,2,-0.4048,W,F,Y,M,W,Y,2,-0.01347,98.98,20.4,False
74,81,R,f1,2,-0.4048,R,R,R,P,R,R,5,0.00887,98.98,22.7,False
75,82,E,f1,2,-0.4048,E,E,D,E,E,D,4,-0.02037,98.96,22.3,False
76,83,D,f1,2,-0.4048,D,D,D,D,D,D,6,0.00084,98.98,18.5,False
77,84,V,f1,2,-0.4048,V,V,V,V,V,V,6,0.00084,98.94,18.8,False
78,85,A,f1,2,-0.4048,A,A,A,A,A,A,6,0.00084,98.97,21.4,False
79,86,L,f1,2,-0.4048,L,L,L,L,I,L,5,-0.01128,98.98,19.2,False
80,87,M,f1,2,-0.4048,M,M,M,M,M,M,6,0.00084,98.94,16.4,False
81,88,A,f1,2,-0.4048,A,S,A,A,A,K,4,-0.02669,98.9,19.5,False
82,89,E,f1,2,-0.4048,E,E,E,G,D,D,3,-0.02964,98.96,20.8,False
83,90,L,f1,2,-0.4048,L,L,L,L,L,L,6,0.00084,98.81,17.6,False
84,91,G,f1,2,-0.4048,G,G,G,G,G,G,6,0.00084,98.88,18.1,False
85,92,L,f1,2,-0.4048,L,L,L,L,V,L,5,-0.01128,98.95,14.7,False
86,93,G,f1,2,-0.4048,G,N,G,G,S,K,3,-0.0388,98.92,15.2,False
87,94,A,f1,2,-0.4048,A,A,A,A,A,A,6,0.00084,98.98,12.8,False
88,95,Y,f1,2,-0.4048,Y,Y,Y,Y,Y,Y,6,0.00084,98.95,11.5,False
89,96,R,f1,2,-0.4048,R,R,R,R,R,R,6,0.00084,98.99,9.2,False
90,97,F,f1,2,-0.4048,F,F,F,F,F,F,6,0.00084,98.9,11.1,False
91,98,S,f1,2,-0.4048,S,S,S,S,S,S,6,0.00084,98.96,12.3,False
92,99,L,f1,2,-0.4048,L,V,V,V,L,V,2,-0.01347,98.92,14.7,False
93,100,A,f1,2,-0.4048,A,S,S,S,S,S,1,-0.02559,98.92,15.6,False
94,101,W,f1,2,-0.4048,W,W,W,W,W,W,6,0.00084,98.95,16.0,False
95,102,P,f1,2,-0.4048,P,S,P,P,P,S,4,-0.02669,98.96,18.7,False
96,103,R,f1,2,-0.4048,R,R,R,R,R,R,6,0.00084,98.95,20.7,False
97,104,I,f1,2,-0.4048,I,V,V,V,V,V,1,-0.02559,98.92,20.7,False
98,105,Q,f1,2,-0.4048,Q,Q,Q,Q,Q,Q,6,0.00084,98.94,21.4,False
99,106,P,f1,2,-0.4048,P,P,P,P,P,P,6,0.00084,98.6,22.4,False
100,107,T,f1,2,-0.4048,T,T,T,T,T,T,6,0.00084,98.43,22.0,False
101,108,G,f1,2,-0.4048,G,G,G,G,G,G,6,0.00084,98.75,19.7,False
102,109,R,f1,2,-0.4048,R,R,R,R,R,R,6,0.00084,98.31,23.0,False
103,110,G,f1,2,-0.4048,G,G,G,G,G,G,6,0.00084,98.33,26.1,False
104,111,P,f1,2,-0.4048,P,P,P,P,P,P,6,0.00084,98.61,26.9,False
105,112,A,f1,2,-0.4048,A,A,A,A,A,A,6,0.00084,98.77,25.0,False
106,113,L,f1,2,-0.4048,L,V,V,V,A,V,1,-0.02559,98.74,25.9,False
107,114,Q,f1,2,-0.4048,Q,Q,P,Q,Q,E,4,-0.02037,98.77,27.4,False
108,115,K,f1,2,-0.4048,K,K,A,K,K,R,4,-0.02037,98.36,27.5,False
109,116,G,f1,2,-0.4048,G,G,G,G,G,G,6,0.00084,98.64,23.7,False
110,117,L,f1,2,-0.4048,L,L,L,L,L,L,6,0.00084,98.87,23.4,False
111,118,D,f1,2,-0.4048,D,D,D,D,D,D,6,0.00084,98.94,26.2,False
112,119,F,f1,2,-0.4048,F,F,F,F,F,F,6,0.00084,98.92,23.4,False
113,120,Y,f1,2,-0.4048,Y,Y,Y,Y,Y,Y,6,0.00084,98.95,20.8,False
114,121,R,f1,2,-0.4048,R,R,Q,R,R,R,5,0.00602,98.98,23.6,False
115,122,R,f1,2,-0.4048,R,A,R,R,A,R,4,-0.01242,98.97,24.2,False
116,123,L,f1,2,-0.4048,L,L,L,L,L,L,6,0.00084,98.94,20.5,False
117,124,A,f1,2,-0.4048,A,V,T,T,T,T,1,-0.02559,98.96,20.0,False
118,125,D,f1,2,-0.4048,D,D,D,D,D,D,6,0.00084,98.96,23.4,False
119,126,E,f1,2,-0.4048,E,E,E,E,A,E,5,-0.01128,98.93,22.7,False
120,127,L,f1,2,-0.4048,L,L,L,L,L,L,6,0.00084,98.91,19.4,False
121,128,L,f1,2,-0.4048,L,L,L,L,L,L,6,0.00084,98.94,21.5,False
122,129,A,f1,2,-0.4048,A,A,A,D,E,E,3,-0.02964,98.9,24.4,False
123,130,K,f1,2,-0.4048,K,A,H,K,N,A,2,-0.03362,98.92,22.2,False
124,131,G,f1,2,-0.4048,G,G,G,G,G,G,6,0.00084,98.94,21.1,False
125,132,I,f2,3,0.2197,I,I,I,I,I,I,6,-0.00031,98.98,17.4,False
126,133,Q,f2,3,0.2197,Q,E,T,Q,E,T,2,-0.0174,98.9,16.1,False
127,134,P,f2,3,0.2197,P,P,P,P,P,P,6,-0.00031,98.95,15.2,False
128,135,V,f2,3,0.2197,V,A,V,V,V,V,5,-0.04246,98.92,12.5,False
129,136,A,f2,3,0.2197,A,L,A,V,V,A,3,0.03144,98.96,13.5,False
130,137,T,f2,3,0.2197,T,T,T,T,T,T,6,-0.00031,98.91,10.8,False
131,138,L,f2,3,0.2197,L,L,L,L,L,L,6,-0.00031,98.97,11.8,False
132,139,Y,f2,3,0.2197,Y,Y,Y,Y,Y,Y,6,-0.00031,98.98,9.3,False
133,140,H,f2,3,0.2197,H,H,H,H,H,H,6,-0.00031,98.9,7.7,False
134,141,W,f2,3,0.2197,W,W,W,W,W,W,6,-0.00031,98.98,8.6,False
135,142,D,f2,3,0.2197,D,D,D,D,D,D,6,-0.00031,98.95,12.4,False
136,143,L,f2,3,0.2197,L,L,L,L,L,L,6,-0.00031,98.95,13.5,False
137,144,P,f2,3,0.2197,P,P,P,P,P,P,6,-0.00031,98.9,17.3,False
138,145,Q,f2,3,0.2197,Q,Q,Q,Q,Q,Q,6,-0.00031,98.97,19.1,False
139,146,E,f2,3,0.2197,E,E,A,H,E,E,4,0.02951,98.9,21.5,False
140,147,L,f2,3,0.2197,L,L,L,L,L,L,6,-0.00031,98.96,18.9,False
141,148,E,f2,3,0.2197,E,E,Q,E,E,E,5,-0.02134,98.92,18.2,False
142,149,N,f2,3,0.2197,N,D,D,D,D,D,1,0.03345,98.95,22.0,False
143,150,A,f2,3,0.2197,A,A,A,A,A,V,5,0.02272,98.9,22.2,False
144,151,G,f2,3,0.2197,G,G,G,G,G,G,6,-0.00031,98.89,20.0,False
145,152,G,f2,3,0.2197,G,G,G,G,G,G,6,-0.00031,98.93,16.4,False
146,153,W,f2,3,0.2197,W,W,W,W,W,W,6,-0.00031,98.97,13.8,False
147,154,P,f2,3,0.2197,P,P,P,P,P,P,6,-0.00031,98.93,16.3,False
148,155,E,f2,3,0.2197,E,E,E,E,E,H,5,0.02272,98.97,18.6,False
149,156,R,f2,3,0.2197,R,R,R,R,R,R,6,-0.00031,98.92,18.7,False
150,157,A,f2,3,0.2197,A,S,D,A,V,D,2,-0.0174,98.92,20.1,False
151,158,T,f2,3,0.2197,T,T,T,T,T,T,6,-0.00031,98.95,16.7,False
152,159,A,f2,3,0.2197,A,A,A,A,S,A,5,0.02274,98.97,15.5,False
153,160,E,f2,3,0.2197,E,E,E,Q,D,H,3,0.09662,98.92,18.9,True
154,161,R,f2,3,0.2197,R,R,R,R,H,R,5,0.02274,98.95,18.7,False
155,162,F,f2,3,0.2197,F,F,F,F,F,F,6,-0.00031,98.94,15.4,False
156,163,A,f2,3,0.2197,A,A,G,A,A,A,5,-0.02134,98.96,17.4,False
157,164,E,f2,3,0.2197,E,E,E,E,D,E,5,0.02274,98.96,20.3,False
158,165,Y,f2,3,0.2197,Y,Y,Y,Y,Y,Y,6,-0.00031,98.91,18.2,False
159,166,A,f2,3,0.2197,A,A,A,A,A,A,6,-0.00031,98.97,17.0,False
160,167,A,f2,3,0.2197,A,G,A,G,A,E,3,0.03142,98.96,20.8,False
161,168,I,f2,3,0.2197,I,I,L,I,L,I,4,0.00172,98.9,21.8,False
162,169,A,f2,3,0.2197,A,V,V,V,A,M,2,0.01039,98.9,19.6,False
163,170,A,f2,3,0.2197,A,A,A,A,A,A,6,-0.00031,98.99,20.8,False
164,171,D,f2,3,0.2197,D,D,E,G,R,R,2,0.0756,98.94,24.5,False
165,172,A,f2,3,0.2197,A,A,A,A,A,A,6,-0.00031,98.96,24.4,False
166,173,L,f2,3,0.2197,L,V,L,L,L,L,5,-0.04246,98.9,22.7,False
167,174,G,f2,3,0.2197,G,G,G,G,G,G,6,-0.00031,98.91,22.9,False
168,175,D,f2,3,0.2197,D,D,D,D,D,D,6,-0.00031,98.82,25.3,False
169,176,R,f2,3,0.2197,R,R,R,R,R,R,6,-0.00031,98.52,22.5,False
170,177,V,f2,3,0.2197,V,V,V,V,V,V,6,-0.00031,98.93,19.2,False
171,178,K,f2,3,0.2197,K,S,P,K,K,G,3,-0.04046,98.9,19.0,False
172,179,T,f2,3,0.2197,T,R,I,L,T,V,2,0.01039,98.94,15.5,False
173,180,W,f2,3,0.2197,W,W,W,W,W,W,6,-0.00031,98.98,14.6,False
174,181,T,f2,3,0.2197,T,T,T,T,T,T,6,-0.00031,98.93,10.8,False
175,182,T,f2,3,0.2197,T,T,T,T,T,T,6,-0.00031,98.94,10.0,False
176,183,L,f2,3,0.2197,L,L,L,L,L,L,6,-0.00031,98.94,6.4,False
177,184,N,f2,3,0.2197,N,N,N,N,N,N,6,-0.00031,98.92,3.8,False
178,185,E,f2,3,0.2197,E,E,E,E,E,E,6,-0.00031,98.94,0.0,False
179,186,P,f2,3,0.2197,P,P,P,P,P,P,6,-0.00031,98.98,3.9,False
180,187,W,f2,3,0.2197,W,W,W,W,W,W,6,-0.00031,98.9,5.3,False
181,188,C,f2,3,0.2197,C,C,C,C,C,C,6,-0.00031,98.85,5.7,False
182,189,S,f2,3,0.2197,S,S,S,S,S,S,6,-0.00031,98.97,6.9,False
183,190,A,f3,4,-0.4735,A,A,A,A,A,A,6,-0.00038,98.99,9.0,False
184,191,F,f3,4,-0.4735,F,F,F,F,F,F,6,-0.00038,98.7,10.4,False
185,192,L,f3,4,-0.4735,L,L,L,L,L,L,6,-0.00038,98.66,10.6,False
186,193,G,f3,4,-0.4735,G,G,G,G,G,G,6,-0.00038,98.74,11.4,False
187,194,Y,f3,4,-0.4735,Y,Y,Y,Y,Y,Y,6,-0.00038,98.75,13.9,False
188,195,G,f3,4,-0.4735,G,G,G,G,G,G,6,-0.00038,98.23,14.7,False
189,196,S,f3,4,-0.4735,S,S,S,S,S,S,6,-0.00038,98.28,15.5,False
190,197,G,f3,4,-0.4735,G,G,G,G,G,G,6,-0.00038,98.15,15.6,False
191,198,V,f3,4,-0.4735,V,V,V,V,V,V,6,-0.00038,98.42,14.7,False
192,199,H,f3,4,-0.4735,H,H,H,H,H,H,6,-0.00038,98.79,12.3,False
193,200,A,f3,4,-0.4735,A,A,A,A,A,A,6,-0.00038,98.99,13.5,False
194,201,P,f3,4,-0.4735,P,P,P,P,P,P,6,-0.00038,98.9,15.2,False
195,202,G,f3,4,-0.4735,G,G,G,G,G,G,6,-0.00038,98.68,16.4,False
196,203,R,f3,4,-0.4735,R,R,H,R,R,R,5,-0.06122,98.6,17.5,False
197,204,T,f3,4,-0.4735,T,T,T,T,T,T,6,-0.00038,98.14,18.4,False
198,205,D,f3,4,-0.4735,D,D,D,E,D,D,5,0.0127,98.33,19.1,False
199,206,P,f3,4,-0.4735,P,P,P,P,P,P,6,-0.00038,98.54,18.0,False
200,207,V,f3,4,-0.4735,V,V,V,A,V,A,4,0.07503,98.6,18.9,False
201,208,A,f3,4,-0.4735,A,A,A,A,A,A,6,-0.00038,98.82,17.1,False
202,209,A,f3,4,-0.4735,A,A,A,T,A,T,4,0.07503,98.8,13.8,False
203,210,L,f3,4,-0.4735,L,L,L,L,L,L,6,-0.00038,98.97,14.6,False
204,211,R,f3,4,-0.4735,R,R,R,R,R,R,6,-0.00038,98.93,15.7,False
205,212,A,f3,4,-0.4735,A,A,A,A,A,A,6,-0.00038,98.9,12.5,False
206,213,A,f3,4,-0.4735,A,A,A,A,A,A,6,-0.00038,98.95,10.6,False
207,214,H,f3,4,-0.4735,H,H,H,H,H,H,6,-0.00038,98.91,13.5,False
208,215,H,f3,4,-0.4735,H,H,H,H,H,H,6,-0.00038,98.99,13.7,False
209,216,L,f3,4,-0.4735,L,L,L,L,L,L,6,-0.00038,98.95,10.0,False
210,217,N,f3,4,-0.4735,N,N,N,N,N,N,6,-0.00038,98.99,11.4,False
211,218,L,f3,4,-0.4735,L,L,L,L,L,L,6,-0.00038,98.92,14.6,False
212,219,G,f3,4,-0.4735,G,G,A,A,G,A,3,0.0142,98.94,13.4,False
213,220,H,f3,4,-0.4735,H,H,H,H,H,H,6,-0.00038,98.95,11.7,False
214,221,G,f3,4,-0.4735,G,G,G,G,G,G,6,-0.00038,98.93,15.0,False
215,222,L,f3,4,-0.4735,L,L,R,L,K,K,3,-0.05705,98.96,17.2,False
216,223,A,f3,4,-0.4735,A,A,A,G,A,A,5,0.0127,98.96,15.5,False
217,224,V,f3,4,-0.4735,V,V,V,V,V,V,6,-0.00038,98.93,16.2,False
218,225,Q,f3,4,-0.4735,Q,Q,S,Q,Q,G,4,0.00112,98.98,19.7,False
219,226,A,f3,4,-0.4735,A,A,A,A,A,A,6,-0.00038,98.92,20.2,False
220,227,L,f3,4,-0.4735,L,L,L,L,L,L,6,-0.00038,98.97,19.2,False
221,228,R,f3,4,-0.4735,R,R,R,R,R,R,6,-0.00038,98.93,21.5,False
222,229,D,f3,4,-0.4735,D,A,A,A,A,S,1,-0.07351,98.99,24.3,False
223,230,R,f3,4,-0.4735,R,A,A,A,E,V,1,-0.07351,98.96,24.3,False
224,231,L,f3,4,-0.4735,L,L,L,L,L,L,6,-0.00038,98.92,23.3,False
225,232,P,f3,4,-0.4735,P,P,P,P,P,P,6,-0.00038,98.86,25.8,False
226,233,A,f3,4,-0.4735,A,A,A,S,S,S,3,0.01687,98.84,26.1,False
227,234,D,f3,4,-0.4735,D,D,T,S,S,S,2,-0.04396,98.71,23.8,False
228,235,A,f3,4,-0.4735,A,R,A,A,A,A,5,-0.02993,98.93,20.9,False
229,236,Q,f3,4,-0.4735,Q,Q,Q,R,R,Q,4,-0.04546,98.9,17.9,False
230,237,C,f3,4,-0.4735,C,L,V,T,A,V,1,-0.07351,98.93,15.5,False
231,238,S,f3,4,-0.4735,S,S,S,S,S,S,6,-0.00038,98.97,12.2,False
232,239,V,f3,4,-0.4735,V,V,I,V,I,L,3,-0.05705,98.95,8.5,False
233,240,T,f3,4,-0.4735,T,S,T,S,T,T,4,-0.01685,98.94,6.0,False
234,241,L,f3,4,-0.4735,L,L,H,L,L,L,5,-0.06122,98.9,4.8,False
235,242,N,f3,4,-0.4735,N,N,N,N,N,N,6,-0.00038,98.97,5.4,False
236,243,I,f3,4,-0.4735,I,L,L,L,I,L,2,-0.01535,98.82,8.7,False
237,244,H,f3,4,-0.4735,H,H,H,H,H,H,6,-0.00038,98.97,10.9,False
238,245,H,f3,4,-0.4735,H,E,E,H,H,Q,3,-0.02843,98.92,14.5,False
239,246,V,f3,4,-0.4735,V,V,V,V,V,V,6,-0.00038,98.93,16.5,False
240,247,R,f4,5,-0.1484,R,R,R,R,R,R,6,-0.00055,98.81,20.2,False
241,248,P,f4,5,-0.1484,P,P,P,P,P,P,6,-0.00055,98.54,23.2,False
242,249,L,f4,5,-0.1484,L,L,L,L,L,L,6,-0.00055,97.36,25.2,False
243,250,T,f4,5,-0.1484,T,T,T,T,T,T,6,-0.00055,97.54,28.4,False
244,251,D,f4,5,-0.1484,D,G,D,D,E,D,4,-0.03416,98.48,29.8,False
245,252,S,f4,5,-0.1484,S,S,S,S,S,S,6,-0.00055,98.24,30.4,False
246,253,D,f4,5,-0.1484,D,A,A,P,A,A,1,-0.01071,98.54,29.7,False
247,254,A,f4,5,-0.1484,A,G,G,Q,E,A,2,-0.03392,98.22,28.1,False
248,255,D,f4,5,-0.1484,D,D,D,D,D,D,6,-0.00055,98.31,25.5,False
249,256,A,f4,5,-0.1484,A,L,A,L,V,V,2,0.0004,98.8,24.9,False
250,257,D,f4,5,-0.1484,D,D,D,D,D,E,5,0.02266,98.82,24.2,False
251,258,A,f4,5,-0.1484,A,A,A,A,A,A,6,-0.00055,98.63,21.9,False
252,259,V,f4,5,-0.1484,V,V,V,A,A,A,3,0.06066,98.97,19.8,False
253,260,R,f4,5,-0.1484,R,R,R,R,R,R,6,-0.00055,98.91,19.9,False
254,261,R,f4,5,-0.1484,R,R,R,R,R,R,6,-0.00055,98.89,18.8,False
255,262,I,f4,5,-0.1484,I,I,I,I,I,I,6,-0.00055,98.83,15.8,False
256,263,D,f4,5,-0.1484,D,D,D,D,D,D,6,-0.00055,98.96,14.7,False
257,264,A,f4,5,-0.1484,A,A,A,A,A,A,6,-0.00055,98.96,15.1,False
258,265,L,f4,5,-0.1484,L,V,L,I,L,V,3,-0.02625,98.91,12.9,False
259,266,A,f4,5,-0.1484,A,G,S,A,A,G,3,-0.0487,98.9,10.2,False
260,267,N,f4,5,-0.1484,N,N,N,N,N,N,6,-0.00055,98.91,10.2,False
261,268,R,f4,5,-0.1484,R,R,R,R,R,R,6,-0.00055,98.98,13.0,False
262,269,V,f4,5,-0.1484,V,V,V,V,V,I,5,0.02266,98.93,12.1,False
263,270,F,f4,5,-0.1484,F,W,F,F,F,F,5,-0.06081,98.94,9.8,False
264,271,T,f4,5,-0.1484,T,L,T,T,T,T,5,-0.06081,98.92,11.8,False
265,272,G,f4,5,-0.1484,G,G,G,G,G,G,6,-0.00055,98.93,15.0,False
266,273,P,f4,5,-0.1484,P,P,P,P,P,P,6,-0.00055,98.93,14.8,False
267,274,M,f4,5,-0.1484,M,M,L,M,I,V,3,0.03821,98.94,13.1,False
268,275,L,f4,5,-0.1484,L,L,F,L,L,L,5,-0.01166,98.94,15.2,False
269,276,Q,f4,5,-0.1484,Q,E,D,R,E,D,1,-0.01071,98.92,18.1,False
270,277,G,f4,5,-0.1484,G,G,G,G,G,G,6,-0.00055,98.99,18.7,False
271,278,A,f4,5,-0.1484,A,A,A,A,H,A,5,0.0261,98.97,19.1,False
272,279,Y,f4,5,-0.1484,Y,Y,Y,Y,Y,Y,6,-0.00055,98.96,17.8,False
273,280,P,f4,5,-0.1484,P,P,P,P,P,P,6,-0.00055,98.99,19.0,False
274,281,E,f4,5,-0.1484,E,E,Q,E,Q,E,4,0.01499,98.95,22.4,False
275,282,D,f4,5,-0.1484,D,D,D,D,D,D,6,-0.00055,98.96,22.0,False
276,283,L,f4,5,-0.1484,L,L,L,L,L,L,6,-0.00055,98.91,18.9,False
277,284,V,f4,5,-0.1484,V,L,L,Q,L,L,1,-0.01071,98.96,21.1,False
278,285,K,f4,5,-0.1484,K,A,S,A,D,A,1,-0.01071,98.88,24.0,False
279,286,D,f4,5,-0.1484,D,D,D,D,D,D,6,-0.00055,98.82,22.2,False
280,287,T,f4,5,-0.1484,T,T,T,T,T,T,6,-0.00055,98.81,21.1,False
281,288,A,f4,5,-0.1484,A,A,A,A,A,A,6,-0.00055,98.79,24.5,False
282,289,G,f4,5,-0.1484,G,H,A,H,H,H,1,-0.01071,98.37,25.9,False
283,290,L,f4,5,-0.1484,L,L,L,V,L,L,5,0.01079,98.59,23.2,False
284,291,T,f4,5,-0.1484,T,T,T,D,T,V,4,0.03401,98.74,23.0,False
285,292,D,f4,5,-0.1484,D,D,D,D,D,D,6,-0.00055,98.8,24.7,False
286,293,W,f4,5,-0.1484,W,W,W,W,W,W,6,-0.00055,98.92,21.6,False
287,294,S,f4,5,-0.1484,S,S,A,S,S,S,5,-0.01166,98.9,24.2,False
288,295,F,f4,5,-0.1484,F,F,F,F,F,L,5,0.02266,98.94,21.5,False
289,296,V,f4,5,-0.1484,V,V,V,V,L,V,5,0.0261,98.95,20.6,False
290,297,R,f4,5,-0.1484,R,R,Q,R,R,H,4,0.01156,98.96,23.2,False
291,298,D,f4,5,-0.1484,D,D,D,D,N,D,5,0.0261,98.96,25.2,False
292,299,G,f4,5,-0.1484,G,G,G,G,G,G,6,-0.00055,98.85,23.6,False
293,300,D,f4,5,-0.1484,D,D,D,D,D,D,6,-0.00055,98.99,19.9,False
294,301,L,f4,5,-0.1484,L,T,L,L,T,L,4,-0.03416,98.9,18.9,False
295,302,R,f4,5,-0.1484,R,A,A,A,S,A,1,-0.01071,98.9,20.9,False
296,303,L,f4,5,-0.1484,L,T,C,Q,T,E,1,-0.01071,98.91,19.2,False
297,304,A,f4,5,-0.1484,A,A,V,I,I,I,2,0.04955,98.93,15.6,False
298,305,H,f4,5,-0.1484,H,R,S,H,H,S,3,-0.0487,98.97,17.0,False
299,306,Q,f4,5,-0.1484,Q,Q,A,Q,Q,R,4,0.01156,98.93,17.4,False
300,307,K,f4,5,-0.1484,K,P,P,P,P,P,1,-0.01071,98.94,18.5,False
301,308,L,f4,5,-0.1484,L,L,I,L,L,I,4,0.01156,98.96,16.1,False
302,309,D,f4,5,-0.1484,D,D,D,D,D,D,6,-0.00055,98.91,17.5,False
303,310,F,f4,5,-0.1484,F,L,F,A,F,V,3,-0.02625,98.97,14.2,False
304,311,L,f4,5,-0.1484,L,L,L,L,L,L,6,-0.00055,98.95,11.9,False
305,312,G,f4,5,-0.1484,G,A,G,G,G,G,5,-0.06081,98.94,8.2,False
306,313,V,f4,5,-0.1484,V,V,V,V,V,V,6,-0.00055,98.99,6.8,False
307,314,N,f5,6,-0.3934,N,N,N,N,N,N,6,0.00186,98.97,4.5,False
308,315,Y,f5,6,-0.3934,Y,Y,Y,Y,Y,Y,6,0.00186,98.94,6.4,False
309,316,Y,f5,6,-0.3934,Y,Y,Y,Y,Y,Y,6,0.00186,98.93,8.1,False
310,317,S,f5,6,-0.3934,S,A,V,S,T,S,3,-0.00506,98.86,11.8,False
311,318,P,f5,6,-0.3934,P,P,P,P,P,P,6,0.00186,98.73,14.4,False
312,319,T,f5,6,-0.3934,T,T,T,T,T,T,6,0.00186,98.57,16.0,False
313,320,L,f5,6,-0.3934,L,L,V,L,L,V,4,0.01369,97.89,19.6,False
314,321,V,f5,6,-0.3934,V,V,V,V,V,V,6,0.00186,98.01,20.8,False
315,322,S,f5,6,-0.3934,S,S,S,S,S,S,6,0.00186,97.5,24.1,False
316,323,E,f5,6,-0.3934,E,E,S,A,A,L,2,-0.00871,95.71,25.8,False
317,324,A,f5,6,-0.3934,A,A,-,S,A,T,3,-0.00036,88.37,27.1,False
318,325,D,f5,6,-0.3934,D,A,G,G,T,E,1,-0.02525,77.28,30.7,False
319,326,G,f5,6,-0.3934,G,G,L,S,G,G,4,0.00578,64.41,30.1,False
320,327,S,f5,6,-0.3934,S,A,T,G,E,A,1,-0.02525,56.75,27.1,False
321,328,G,f5,6,-0.3934,G,E,G,T,A,G,3,-0.03709,55.57,24.1,False
322,329,T,f5,6,-0.3934,T,K,E,D,G,T,2,-0.01912,73.09,22.6,False
323,330,H,f5,6,-0.3934,H,P,R,T,H,T,2,-0.0169,75.18,18.8,False
324,331,N,f5,6,-0.3934,N,Q,G,G,H,K,1,-0.02525,72.28,20.0,False
325,332,S,f5,6,-0.3934,S,D,A,A,S,N,2,-0.0169,76.52,19.2,False
326,333,D,f5,6,-0.3934,D,D,D,D,D,D,6,0.00186,84.06,15.6,False
327,334,G,f5,6,-0.3934,G,G,G,G,G,G,6,0.00186,80.06,14.6,False
328,335,H,f5,6,-0.3934,H,H,H,H,H,H,6,0.00186,82.15,12.7,False
329,336,G,f5,6,-0.3934,G,G,L,G,G,G,5,0.01983,81.16,16.0,False
330,337,R,f5,6,-0.3934,R,D,P,A,V,A,1,-0.02525,85.53,19.1,False
331,338,S,f5,6,-0.3934,S,S,S,S,S,S,6,0.00186,90.38,19.5,False
332,339,A,f5,6,-0.3934,A,P,D,D,D,E,1,-0.02525,85.29,22.3,False
333,340,H,f5,6,-0.3934,H,H,H,H,H,H,6,0.00186,94.25,19.8,False
334,341,S,f5,6,-0.3934,S,S,S,S,S,S,6,0.00186,96.64,17.5,False
335,342,P,f5,6,-0.3934,P,P,P,P,P,P,6,0.00186,97.71,13.7,False
336,343,W,f5,6,-0.3934,W,W,W,W,W,W,6,0.00186,98.1,15.2,False
337,344,P,f5,6,-0.3934,P,P,P,T,P,T,4,-0.01834,98.46,17.3,False
338,345,G,f5,6,-0.3934,G,G,G,G,G,G,6,0.00186,97.88,20.4,False
339,346,A,f5,6,-0.3934,A,A,S,A,A,C,4,0.01369,97.53,20.0,False
340,347,D,f5,6,-0.3934,D,D,D,D,D,D,6,0.00186,95.73,22.4,False
341,348,R,f5,6,-0.3934,R,R,H,D,Q,D,2,-0.00871,95.72,24.5,False
342,349,V,f5,6,-0.3934,V,V,V,V,V,V,6,0.00186,97.52,22.0,False
343,350,A,f5,6,-0.3934,A,A,A,A,A,A,6,0.00186,97.25,22.4,False
344,351,F,f5,6,-0.3934,F,F,F,F,F,F,6,0.00186,97.29,20.1,False
345,352,H,f5,6,-0.3934,H,H,H,H,H,H,6,0.00186,96.78,22.0,False
346,353,Q,f5,6,-0.3934,Q,R,R,R,R,L,1,-0.02525,96.63,21.6,False
347,354,P,f5,6,-0.3934,P,A,P,T,P,A,3,-0.03488,97.57,20.1,False
348,355,P,f5,6,-0.3934,P,P,P,P,A,N,4,-0.01263,97.89,21.8,False
349,356,G,f5,6,-0.3934,G,G,G,G,G,D,5,-0.00428,97.58,20.4,False
350,357,E,f5,6,-0.3934,E,E,E,G,S,Q,3,-0.02669,98.62,19.9,False
351,358,T,f5,6,-0.3934,T,R,Q,T,T,L,3,-0.00285,98.69,18.1,False
352,359,T,f5,6,-0.3934,T,T,T,T,T,T,6,0.00186,98.83,15.8,False
353,360,A,f5,6,-0.3934,A,A,A,A,A,A,6,0.00186,98.79,17.1,False
354,361,M,f5,6,-0.3934,M,M,M,M,M,M,6,0.00186,98.65,15.7,False
355,362,G,f5,6,-0.3934,G,G,G,G,G,N,5,-0.00428,98.11,18.0,False
356,363,W,f5,6,-0.3934,W,W,W,W,W,W,6,0.00186,98.67,15.2,False
357,364,A,f5,6,-0.3934,A,P,V,T,A,A,3,-0.01076,98.69,16.4,False
358,365,V,f5,6,-0.3934,V,V,V,I,V,I,4,-0.01834,98.98,14.9,False
359,366,D,f5,6,-0.3934,D,D,D,D,D,D,6,0.00186,98.95,15.3,False
360,367,P,f5,6,-0.3934,P,A,P,P,P,A,4,-0.02082,98.91,13.7,False
361,368,S,f5,6,-0.3934,S,G,S,G,S,D,3,-0.03488,98.95,16.3,False
362,369,G,f5,6,-0.3934,G,A,G,G,G,G,5,-0.01468,98.94,14.5,False
363,370,L,f5,6,-0.3934,L,L,L,L,L,L,6,0.00186,98.94,11.6,False
364,371,Y,f5,6,-0.3934,Y,Y,H,E,Y,H,3,-0.00036,98.97,14.6,False
365,372,E,f5,6,-0.3934,E,D,D,E,D,T,2,-0.0112,98.92,16.5,False
366,373,L,f5,6,-0.3934,L,L,L,L,L,L,6,0.00186,98.92,13.9,False
367,374,L,f6,7,-0.3653,L,L,L,L,L,L,6,0.00078,98.96,13.6,False
368,375,R,f6,7,-0.3653,R,K,R,L,L,T,2,-0.01141,98.9,17.4,False
369,376,R,f6,7,-0.3653,R,R,R,R,R,G,5,-0.00655,98.97,17.9,False
370,377,L,f6,7,-0.3653,L,V,V,V,L,L,3,0.0021,98.94,15.9,False
371,378,S,f6,7,-0.3653,S,S,H,H,K,A,2,-0.00501,98.98,18.0,False
372,379,S,f6,7,-0.3653,S,A,R,A,A,A,1,-0.01806,98.91,21.1,False
373,380,D,f6,7,-0.3653,D,A,D,D,D,S,4,-0.0196,98.9,19.3,False
374,381,F,f6,7,-0.3653,F,Y,R,F,H,H,2,-0.03909,98.97,18.7,False
375,382,P,f6,7,-0.3653,P,P,P,P,P,P,6,0.00078,98.84,20.9,False
376,383,A,f6,7,-0.3653,A,G,G,G,A,Q,2,-0.00522,98.78,21.2,False
377,384,L,f6,7,-0.3653,L,L,L,L,M,L,5,-0.01205,98.94,17.7,False
378,385,P,f6,7,-0.3653,P,P,P,P,P,P,6,0.00078,98.96,15.4,False
379,386,L,f6,7,-0.3653,L,L,L,L,L,L,6,0.00078,98.99,11.8,False
380,387,V,f6,7,-0.3653,V,V,M,Y,M,M,2,-0.00501,98.94,8.8,False
381,388,I,f6,7,-0.3653,I,I,I,I,I,V,5,-0.00655,98.95,5.6,False
382,389,T,f6,7,-0.3653,T,S,T,T,T,T,5,-0.01227,98.97,3.8,False
383,390,E,f6,7,-0.3653,E,E,E,E,E,E,6,0.00078,98.96,0.0,False
384,391,N,f6,7,-0.3653,N,N,N,N,N,N,6,0.00078,98.91,3.8,False
385,392,G,f6,7,-0.3653,G,G,G,G,G,G,6,0.00078,98.9,6.8,False
386,393,A,f6,7,-0.3653,A,A,A,A,A,A,6,0.00078,98.96,10.1,False
387,394,A,f6,7,-0.3653,A,A,A,A,A,A,6,0.00078,98.9,12.8,False
388,395,F,f6,7,-0.3653,F,Y,F,F,F,F,5,-0.01227,98.99,16.2,False
389,396,H,f6,7,-0.3653,H,E,D,D,D,D,1,-0.01806,98.72,19.6,False
390,397,D,f6,7,-0.3653,D,D,D,D,D,D,6,0.00078,98.8,19.7,False
391,398,Y,f6,7,-0.3653,Y,V,Y,Y,Y,Y,5,-0.01227,98.87,23.0,False
392,399,A,f6,7,-0.3653,A,V,V,V,V,A,2,-0.01073,98.85,24.9,False
393,400,D,f6,7,-0.3653,D,G,T,N,N,S,1,-0.01806,98.81,28.1,False
394,401,P,f6,7,-0.3653,P,P,P,P,P,P,6,0.00078,98.79,31.5,False
395,402,E,f6,7,-0.3653,E,D,E,E,E,E,5,-0.01227,98.74,31.0,False
396,403,G,f6,7,-0.3653,G,G,G,G,G,G,6,0.00078,98.61,27.8,False
397,404,N,f6,7,-0.3653,N,S,A,E,E,R,1,-0.01806,98.98,25.4,False
398,405,V,f6,7,-0.3653,V,V,V,V,V,V,6,0.00078,98.99,22.1,False
399,406,N,f6,7,-0.3653,N,H,H,R,T,E,1,-0.01806,98.99,21.8,False
400,407,D,f6,7,-0.3653,D,D,D,D,D,D,6,0.00078,98.96,18.7,False
401,408,P,f6,7,-0.3653,P,P,P,P,P,P,6,0.00078,98.96,19.5,False
402,409,E,f6,7,-0.3653,E,E,E,E,E,Q,5,-0.00655,98.99,17.6,False
403,410,R,f6,7,-0.3653,R,R,R,R,R,R,6,0.00078,98.91,14.2,False
404,411,I,f6,7,-0.3653,I,A,I,I,I,I,5,-0.01227,98.97,15.5,False
405,412,A,f6,7,-0.3653,A,A,R,E,A,A,4,0.01515,98.99,16.5,False
406,413,Y,f6,7,-0.3653,Y,Y,Y,Y,Y,Y,6,0.00078,98.98,13.2,False
407,414,V,f6,7,-0.3653,V,V,L,L,L,L,2,-0.00501,98.93,11.2,False
408,415,R,f6,7,-0.3653,R,H,H,R,H,H,2,-0.03909,98.88,14.3,False
409,416,D,f6,7,-0.3653,D,A,G,G,G,G,1,-0.01806,98.89,14.8,False
410,417,H,f6,7,-0.3653,H,H,H,H,H,H,6,0.00078,98.95,11.4,False
411,418,L,f6,7,-0.3653,L,L,L,L,L,L,6,0.00078,98.91,12.0,False
412,419,A,f6,7,-0.3653,A,E,D,A,S,E,2,-0.03909,98.81,15.5,False
413,420,A,f6,7,-0.3653,A,A,A,A,A,A,6,0.00078,98.84,14.5,False
414,421,V,f6,7,-0.3653,V,V,V,A,V,V,5,0.02181,98.92,12.6,False
415,422,H,f6,7,-0.3653,H,H,H,H,R,H,5,-0.01205,98.84,15.8,False
416,423,R,f6,7,-0.3653,R,R,R,R,Q,R,5,-0.01205,98.77,18.0,False
417,424,A,f6,7,-0.3653,A,A,A,A,A,A,6,0.00078,98.96,16.5,False
418,425,I,f6,7,-0.3653,I,L,I,I,I,I,5,-0.01227,98.94,17.2,False
419,426,K,f6,7,-0.3653,K,A,E,G,A,A,1,-0.01806,98.7,20.7,False
420,427,D,f6,7,-0.3653,D,D,D,A,A,D,4,0.00897,98.85,21.3,False
421,428,G,f6,7,-0.3653,G,G,G,G,G,G,6,0.00078,98.7,20.8,False
422,429,S,f6,7,-0.3653,S,V,V,V,V,A,1,-0.01806,98.97,17.2,False
423,430,D,f6,7,-0.3653,D,D,D,D,D,D,6,0.00078,98.99,16.5,False
424,431,V,f6,7,-0.3653,V,V,V,L,V,V,5,0.02181,98.97,13.1,False
425,432,R,f7,8,0.2006,R,R,R,R,R,R,6,-0.00125,98.9,13.2,False
426,433,G,f7,8,0.2006,G,G,G,G,G,G,6,-0.00125,98.9,10.3,False
427,434,Y,f7,8,0.2006,Y,Y,Y,Y,Y,Y,6,-0.00125,98.99,7.4,False
428,435,F,f7,8,0.2006,F,F,F,F,F,F,6,-0.00125,98.93,5.4,False
429,436,L,f7,8,0.2006,L,L,Q,Q,L,L,4,0.0113,98.95,5.8,False
430,437,W,f7,8,0.2006,W,W,W,W,W,W,6,-0.00125,98.99,5.1,False
431,438,S,f7,8,0.2006,S,S,S,S,S,S,6,-0.00125,98.88,7.9,False
432,439,L,f7,8,0.2006,L,L,L,L,L,L,6,-0.00125,98.93,10.9,False
433,440,L,f7,8,0.2006,L,L,L,L,L,L,6,-0.00125,98.94,13.2,False
434,441,D,f7,8,0.2006,D,D,D,D,D,D,6,-0.00125,98.98,14.3,False
435,442,N,f7,8,0.2006,N,N,N,N,N,N,6,-0.00125,98.97,14.5,False
436,443,F,f7,8,0.2006,F,F,F,F,F,F,6,-0.00125,98.91,15.8,False
437,444,E,f7,8,0.2006,E,E,E,E,E,E,6,-0.00125,98.98,13.9,False
438,445,W,f7,8,0.2006,W,W,W,W,W,W,6,-0.00125,98.87,13.4,False
439,446,A,f7,8,0.2006,A,A,A,A,G,S,4,-0.00021,98.65,15.5,False
440,447,H,f7,8,0.2006,H,Y,Y,Y,Y,Y,1,0.01688,98.79,17.3,False
441,448,G,f7,8,0.2006,G,G,G,G,G,G,6,-0.00125,98.84,18.6,False
442,449,Y,f7,8,0.2006,Y,Y,Y,Y,Y,Y,6,-0.00125,98.99,18.8,False
443,450,S,f7,8,0.2006,S,A,G,G,S,S,3,0.01584,98.75,19.4,False
444,451,K,f7,8,0.2006,K,K,K,R,K,K,5,0.01364,98.81,15.9,False
445,452,R,f7,8,0.2006,R,R,R,R,R,R,6,-0.00125,98.9,14.6,False
446,453,F,f7,8,0.2006,F,F,F,F,F,F,6,-0.00125,98.95,11.0,False
447,454,G,f7,8,0.2006,G,G,G,G,G,G,6,-0.00125,98.9,12.0,False
448,455,A,f7,8,0.2006,A,A,M,A,A,A,5,-0.00359,98.96,13.0,False
449,456,V,f7,8,0.2006,V,V,V,V,V,V,6,-0.00125,98.97,15.8,False
450,457,Y,f7,8,0.2006,Y,R,Y,Y,Y,Y,5,0.0033,98.9,18.0,False
451,458,V,f7,8,0.2006,V,V,V,V,V,V,6,-0.00125,98.97,19.4,False
452,459,D,f7,8,0.2006,D,D,D,D,D,D,6,-0.00125,98.9,23.0,False
453,460,Y,f7,8,0.2006,Y,Y,Y,Y,Y,Y,6,-0.00125,98.82,22.9,False
454,461,P,f7,8,0.2006,P,D,L,A,P,P,3,0.01584,98.7,26.7,False
455,462,T,f7,8,0.2006,T,T,T,T,T,T,6,-0.00125,98.61,27.0,False
456,463,G,f7,8,0.2006,G,L,Q,Q,G,Q,2,0.01108,98.71,23.5,False
457,464,T,f7,8,0.2006,T,E,R,T,K,R,2,0.00199,98.92,23.9,False
458,465,R,f7,8,0.2006,R,R,R,R,R,R,6,-0.00125,98.83,21.0,False
459,466,I,f7,8,0.2006,I,T,V,I,I,I,4,0.00095,98.94,21.3,False
460,467,P,f7,8,0.2006,P,P,P,P,P,P,6,-0.00125,98.97,19.2,False
461,468,K,f7,8,0.2006,K,K,K,K,K,K,6,-0.00125,98.94,18.6,False
462,469,A,f7,8,0.2006,A,S,A,A,A,A,5,0.0033,98.9,19.5,False
463,470,S,f7,8,0.2006,S,S,S,S,S,S,6,-0.00125,98.91,15.9,False
464,471,A,f7,8,0.2006,A,A,A,A,A,A,6,-0.00125,98.97,15.7,False
465,472,R,f7,8,0.2006,R,R,R,H,R,H,4,0.00888,98.92,18.9,False
466,473,W,f7,8,0.2006,W,W,W,W,W,W,6,-0.00125,98.99,17.8,False
467,474,Y,f7,8,0.2006,Y,Y,Y,Y,Y,Y,6,-0.00125,98.93,14.5,False
468,475,A,f7,8,0.2006,A,A,S,S,A,A,4,0.0113,98.9,16.8,False
469,476,E,f7,8,0.2006,E,R,E,R,D,G,2,0.01922,98.81,19.1,False
470,477,V,f7,8,0.2006,V,V,V,V,V,V,6,-0.00125,98.96,16.6,False
471,478,A,f7,8,0.2006,A,A,A,A,A,I,5,-0.006,98.85,15.5,False
472,479,R,f7,8,0.2006,R,R,R,R,R,R,6,-0.00125,98.74,19.3,False
473,480,T,f7,8,0.2006,T,S,T,S,T,D,3,0.01342,98.79,20.7,False
474,481,G,f7,8,0.2006,G,G,G,G,G,N,5,-0.006,98.78,18.1,False
475,482,V,f7,8,0.2006,V,E,V,I,R,A,2,0.01922,98.89,19.5,False
476,483,L,f7,8,0.2006,L,L,L,V,L,L,5,0.01364,98.66,18.0,False
477,484,P,f7,8,0.2006,P,S,P,P,P,P,5,0.0033,96.81,20.9,False
478,485,T,f7,8,0.2006,T,A,A,L,E,A,1,0.01688,86.47,22.5,False
479,486,A,f7,8,0.2006,A,P,V,E,D,G,1,0.01688,82.66,22.3,False
