run_id,well,signal,valid
20260226_11111111_22222222_33333333_44444444_55555555_66666666,A12,21231,True
20260226_11111111_22222222_33333333_44444444_55555555_66666666,B12,19858,True
20260226_11111111_22222222_33333333_44444444_55555555_66666666,C12,22458,True
20260226_11111111_22222222_33333333_44444444_55555555_66666666,D12,22477,True
20260226_11111111_22222222_33333333_44444444_55555555_66666666,E12,15279,True
20260226_11111111_22222222_33333333_44444444_55555555_66666666,F12,19843,True
20260227_24444444_22212222_22225222_25555555_11141111_11211111,A12,29271,True
20260227_24444444_22212222_22225222_25555555_11141111_11211111,B12,27089,True
20260227_24444444_22212222_22225222_25555555_11141111_11211111,C12,22376,True
20260227_24444444_22212222_22225222_25555555_11141111_11211111,D12,25333,True
20260227_24444444_22212222_22225222_25555555_11141111_11211111,E12,24997,True
20260227_24444444_22212222_22225222_25555555_11141111_11211111,F12,20738,True
20260302_26666666_22222522_24444444_22232222_11311111_12222222,A12,23730,True
20260302_26666666_22222522_24444444_22232222_11311111_12222222,B12,21971,True
20260302_26666666_22222522_24444444_22232222_11311111_12222222,C12,21390,True
20260302_26666666_22222522_24444444_22232222_11311111_12222222,D12,25135,True
20260302_26666666_22222522_24444444_22232222_11311111_12222222,E12,23227,True
20260302_26666666_22222522_24444444_22232222_11311111_12222222,F12,22591,True
20260302_44644244_22212126_26444444_41211111_44624444_42212422,A12,27495,True
20260302_44644244_22212126_26444444_41211111_44624444_42212422,B12,14708,True
20260302_44644244_22212126_26444444_41211111_44624444_42212422,C12,22904,True
20260302_44644244_22212126_26444444_41211111_44624444_42212422,D12,27894,True
20260302_44644244_22212126_26444444_41211111_44624444_42212422,E12,28893,True
20260302_44644244_22212126_26444444_41211111_44624444_42212422,F12,25587,True
20260304_11111121_11216111_15444444_11216111_44644144_31141211,A12,13405,True
20260304_11111121_11216111_15444444_11216111_44644144_31141211,B12,10334,True
20260304_11111121_11216111_15444444_11216111_44644144_31141211,C12,17680,True
20260304_11111121_11216111_15444444_11216111_44644144_31141211,D12,17242,True
20260304_11111121_11216111_15444444_11216111_44644144_31141211,E12,23982,True
20260304_11111121_11216111_15444444_11216111_44644144_31141211,F12,16829,True
20260304_22212152_11141216_34644444_61141211_26444144_44634444,A12,14899,True
20260304_22212152_11141216_34644444_61141211_26444144_44634444,B12,2717,False
20260304_22212152_11141216_34644444_61141211_26444144_44634444,C12,20967,True
20260304_22212152_11141216_34644444_61141211_26444144_44634444,D12,25933,True
20260304_22212152_11141216_34644444_61141211_26444144_44634444,E12,20542,True
20260304_22212152_11141216_34644444_61141211_26444144_44634444,F12,22268,True
20260305_11341111_25555556_61111111_22226222_16444444_64444444,A12,12425,True
20260305_11341111_25555556_61111111_22226222_16444444_64444444,B12,12994,True
20260305_11341111_25555556_61111111_22226222_16444444_64444444,C12,13323,True
20260305_11341111_25555556_61111111_22226222_16444444_64444444,D12,11632,True
20260305_11341111_25555556_61111111_22226222_16444444_64444444,E12,11779,True
20260305_11341111_25555556_61111111_22226222_16444444_64444444,F12,16686,True
20260306_34644414_11143211_43644444_11541211_11144111_44444446,A12,24381,True
20260306_34644414_11143211_43644444_11541211_11144111_44444446,B12,19926,True
20260306_34644414_11143211_43644444_11541211_11144111_44444446,C12,28387,True
20260306_34644414_11143211_43644444_11541211_11144111_44444446,D12,20730,True
20260306_34644414_11143211_43644444_11541211_11144111_44444446,E12,20328,True
20260306_34644414_11143211_43644444_11541211_11144111_44444446,F12,25224,True
20260309_24444644_11141216_44444424_11441211_25555552_31111111,A12,28385,True
20260309_24444644_11141216_44444424_11441211_25555552_31111111,B12,18677,True
20260309_24444644_11141216_44444424_11441211_25555552_31111111,C12,22763,True
20260309_24444644_11141216_44444424_11441211_25555552_31111111,D12,18740,True
20260309_24444644_11141216_44444424_11441211_25555552_31111111,E12,24448,True
20260309_24444644_11141216_44444424_11441211_25555552_31111111,F12,15411,True
20260309_44641444_11153211_44544444_11143261_41444444_46444444,A12,18742,True
20260309_44641444_11153211_44544444_11143261_41444444_46444444,B12,7707,False
20260309_44641444_11153211_44544444_11143261_41444444_46444444,C12,16795,True
20260309_44641444_11153211_44544444_11143261_41444444_46444444,D12,7968,False
20260309_44641444_11153211_44544444_11143261_41444444_46444444,E12,17964,True
20260309_44641444_11153211_44544444_11143261_41444444_46444444,F12,27273,True
20260310_11141251_36444444_11641216_44441444_11141236_22222422,A12,15894,True
20260310_11141251_36444444_11641216_44441444_11141236_22222422,B12,11075,True
20260310_11141251_36444444_11641216_44441444_11141236_22222422,C12,19522,True
20260310_11141251_36444444_11641216_44441444_11141236_22222422,D12,21950,True
20260310_11141251_36444444_11641216_44441444_11141236_22222422,E12,16138,True
20260310_11141251_36444444_11641216_44441444_11141236_22222422,F12,22669,True
20260311_44642444_11151211_25555155_43645444_41141216_34644413,A12,24786,True
20260311_44642444_11151211_25555155_43645444_41141216_34644413,B12,16090,True
20260311_44642444_11151211_25555155_43645444_41141216_34644413,C12,22361,True
20260311_44642444_11151211_25555155_43645444_41141216_34644413,D12,25476,True
20260311_44642444_11151211_25555155_43645444_41141216_34644413,E12,23078,True
20260311_44642444_11151211_25555155_43645444_41141216_34644413,F12,26979,True
20260312_11141221_25555355_43314444_11443211_22424444_44351444,A12,5929,False
20260312_11141221_25555355_43314444_11443211_22424444_44351444,B12,11821,True
20260312_11141221_25555355_43314444_11443211_22424444_44351444,C12,9788,False
20260312_11141221_25555355_43314444_11443211_22424444_44351444,D12,6395,False
20260312_11141221_25555355_43314444_11443211_22424444_44351444,E12,11042,True
20260312_11141221_25555355_43314444_11443211_22424444_44351444,F12,22497,True
20260312_22444444_41141111_11141256_43344444_11141266_44341444,A12,10911,True
20260312_22444444_41141111_11141256_43344444_11141266_44341444,B12,6145,False
20260312_22444444_41141111_11141256_43344444_11141266_44341444,C12,4778,False
20260312_22444444_41141111_11141256_43344444_11141266_44341444,D12,20499,True
20260312_22444444_41141111_11141256_43344444_11141266_44341444,E12,4173,False
20260312_22444444_41141111_11141256_43344444_11141266_44341444,F12,19203,True
20260316_43344244_44645444_11133211_44341244_44544644_43344464,A12,31997,True
20260316_43344244_44645444_11133211_44341244_44544644_43344464,B12,28801,True
20260316_43344244_44645444_11133211_44341244_44544644_43344464,C12,24003,True
20260316_43344244_44645444_11133211_44341244_44544644_43344464,D12,35058,True
20260316_43344244_44645444_11133211_44341244_44544644_43344464,E12,34200,True
20260316_43344244_44645444_11133211_44341244_44544644_43344464,F12,34752,True
20260317_34654444_35555155_11311111_34644613_46464444_11141232,A12,27957,True
20260317_34654444_35555155_11311111_34644613_46464444_11141232,B12,26116,True
20260317_34654444_35555155_11311111_34644613_46464444_11141232,C12,19754,True
20260317_34654444_35555155_11311111_34644613_46464444_11141232,D12,26827,True
20260317_34654444_35555155_11311111_34644613_46464444_11141232,E12,23994,True
20260317_34654444_35555155_11311111_34644613_46464444_11141232,F12,16009,True
20260318_11111216_22222452_11241236_22222462_44641442_43545444,A12,17249,True
20260318_11111216_22222452_11241236_22222462_44641442_43545444,B12,25263,True
20260318_11111216_22222452_11241236_22222462_44641442_43545444,C12,17855,True
20260318_11111216_22222452_11241236_22222462_44641442_43545444,D12,1627,False
20260318_11111216_22222452_11241236_22222462_44641442_43545444,E12,27912,True
20260318_11111216_22222452_11241236_22222462_44641442_43545444,F12,1981,False
20260318_31644444_64341444_11141261_43645445_22446444_22444344,A12,20279,True
20260318_31644444_64341444_11141261_43645445_22446444_22444344,B12,30718,True
20260318_31644444_64341444_11141261_43645445_22446444_22444344,C12,19999,True
20260318_31644444_64341444_11141261_43645445_22446444_22444344,D12,34289,True
20260318_31644444_64341444_11141261_43645445_22446444_22444344,E12,26621,True
20260318_31644444_64341444_11141261_43645445_22446444_22444344,F12,27833,True
20260319_11145216_43344442_22322422_11141536_43645454_11141256,A12,15120,True
20260319_11145216_43344442_22322422_11141536_43645454_11141256,B12,25169,True
20260319_11145216_43344442_22322422_11141536_43645454_11141256,C12,24807,True
20260319_11145216_43344442_22322422_11141536_43645454_11141256,D12,600,False
20260319_11145216_43344442_22322422_11141536_43645454_11141256,E12,28954,True
20260319_11145216_43344442_22322422_11141536_43645454_11141256,F12,12547,True
20260321_14141211_35644444_46645454_11143236_44444344_11145236,A12,14731,True
20260321_14141211_35644444_46645454_11143236_44444344_11145236,B12,1358,False
20260321_14141211_35644444_46645454_11143236_44444344_11145236,C12,17619,True
20260321_14141211_35644444_46645454_11143236_44444344_11145236,D12,15865,True
20260321_14141211_35644444_46645454_11143236_44444344_11145236,E12,9211,False
20260321_14141211_35644444_46645454_11143236_44444344_11145236,F12,13380,True
20260324_11411111_43642454_61143211_34644643_46625454_44544244,A12,16026,True
20260324_11411111_43642454_61143211_34644643_46625454_44544244,B12,25149,True
20260324_11411111_43642454_61143211_34644643_46625454_44544244,C12,25522,True
20260324_11411111_43642454_61143211_34644643_46625454_44544244,D12,25581,True
20260324_11411111_43642454_61143211_34644643_46625454_44544244,E12,28041,True
20260324_11411111_43642454_61143211_34644643_46625454_44544244,F12,25339,True
20260326_16141211_16645454_11153211_34641414_15141211_25222422,A12,21916,True
20260326_16141211_16645454_11153211_34641414_15141211_25222422,B12,24318,True
20260326_16141211_16645454_11153211_34641414_15141211_25222422,C12,23602,True
20260326_16141211_16645454_11153211_34641414_15141211_25222422,D12,27655,True
20260326_16141211_16645454_11153211_34641414_15141211_25222422,E12,20063,True
20260326_16141211_16645454_11153211_34641414_15141211_25222422,F12,28853,True
20260327_34644143_54141211_24222422_11141246_14141215_44514444,A12,22060,True
20260327_34644143_54141211_24222422_11141246_14141215_44514444,B12,20608,True
20260327_34644143_54141211_24222422_11141246_14141215_44514444,C12,25042,True
20260327_34644143_54141211_24222422_11141246_14141215_44514444,D12,19897,True
20260327_34644143_54141211_24222422_11141246_14141215_44514444,E12,22311,True
20260327_34644143_54141211_24222422_11141246_14141215_44514444,F12,23203,True
20260328_35355155_22222522_34644623_35553155_46644454_35555145,A12,24306,True
20260328_35355155_22222522_34644623_35553155_46644454_35555145,B12,19866,True
20260328_35355155_22222522_34644623_35553155_46644454_35555145,C12,23891,True
20260328_35355155_22222522_34644623_35553155_46644454_35555145,D12,28693,True
20260328_35355155_22222522_34644623_35553155_46644454_35555145,E12,26034,True
20260328_35355155_22222522_34644623_35553155_46644454_35555145,F12,22368,True
20260330_34644313_35523155_61143241_22222425_11142246_43344414,A12,23503,True
20260330_34644313_35523155_61143241_22222425_11142246_43344414,B12,26078,True
20260330_34644313_35523155_61143241_22222425_11142246_43344414,C12,28125,True
20260330_34644313_35523155_61143241_22222425_11142246_43344414,D12,28718,True
20260330_34644313_35523155_61143241_22222425_11142246_43344414,E12,26534,True
20260330_34644313_35523155_61143241_22222425_11142246_43344414,F12,24306,True
